<?xml version="1.0" encoding="UTF-8"?>
<beans xmlns="http://www.springframework.org/schema/beans"
       xmlns:xsi="http://www.w3.org/2001/XMLSchema-instance"
       xmlns:context="http://www.springframework.org/schema/context"
       xsi:schemaLocation="http://www.springframework.org/schema/beans http://www.springframework.org/schema/beans/spring-beans-2.5.xsd

		http://www.springframework.org/schema/context http://www.springframework.org/schema/context/spring-context-2.5.xsd">

    <context:annotation-config/>

    <bean class="org.springframework.web.servlet.mvc.SimpleControllerHandlerAdapter"/>

    <bean class="org.springframework.web.servlet.mvc.annotation.AnnotationMethodHandlerAdapter">
        <property name="customArgumentResolver">
            <bean class="info.magnolia.module.blossom.web.BlossomWebArgumentResolver"/>
        </property>
    </bean>

    <bean class="info.magnolia.module.blossom.preexecution.BlossomHandlerMapping">
        <property name="targetHandlerMappings">
            <list>
                <bean class="org.springframework.web.servlet.mvc.annotation.DefaultAnnotationHandlerMapping">
                    <property name="useDefaultSuffixPattern" value="false"/>
                </bean>
                <bean class="org.springframework.web.servlet.handler.BeanNameUrlHandlerMapping"/>
            </list>
        </property>
    </bean>

    <bean class="info.magnolia.module.blossom.view.UuidRedirectViewResolver">
        <property name="order" value="1"/>
    </bean>

</beans>

