<?xml version="1.0" encoding="UTF-8"?>
<sv:node sv:name="grails-urlmapping" xmlns:sv="http://www.jcp.org/jcr/sv/1.0" xmlns:xsi="http://www.w3.org/2001/XMLSchema-instance">
  <sv:property sv:name="jcr:primaryType" sv:type="Name">
    <sv:value>mgnl:contentNode</sv:value>
  </sv:property>
  <sv:property sv:name="jcr:mixinTypes" sv:type="Name">
    <sv:value>mix:lockable</sv:value>
  </sv:property>
  <sv:property sv:name="jcr:uuid" sv:type="String">
    <sv:value>017f062a-d799-4001-9d95-f799672aa5c5</sv:value>
  </sv:property>
  <sv:property sv:name="class" sv:type="String">
    <sv:value>com.altaworks.magnolia.UrlMappingFilterVoter</sv:value>
  </sv:property>
  <sv:node sv:name="MetaData">
    <sv:property sv:name="jcr:primaryType" sv:type="Name">
      <sv:value>mgnl:metaData</sv:value>
    </sv:property>
    <sv:property sv:name="mgnl:authorid" sv:type="String">
      <sv:value>superuser</sv:value>
    </sv:property>
    <sv:property sv:name="mgnl:creationdate" sv:type="Date">
      <sv:value>2012-02-13T13:54:27.960+01:00</sv:value>
    </sv:property>
    <sv:property sv:name="mgnl:lastmodified" sv:type="Date">
      <sv:value>2012-02-13T13:56:00.215+01:00</sv:value>
    </sv:property>
  </sv:node>
</sv:node>
