<?xml version="1.0" encoding="UTF-8"?>
<!DOCTYPE Repository PUBLIC "-//The Apache Software Foundation//DTD Jackrabbit 2.0//EN" "http://jackrabbit.apache.org/dtd/repository-2.0.dtd">
<Repository>
  <FileSystem class="org.apache.jackrabbit.core.fs.local.LocalFileSystem">
    <param name="path" value="${rep.home}/repository" />
  </FileSystem>
  <Security appName="magnolia">
    <SecurityManager class="org.apache.jackrabbit.core.DefaultSecurityManager"/>
    <AccessManager class="org.apache.jackrabbit.core.security.DefaultAccessManager">
    </AccessManager>
    <!-- login module defined here is used by the repo to authenticate every request. not by the webapp to authenticate user against the webapp context (this one has to be passed before thing here gets invoked -->
    <LoginModule class="info.magnolia.jaas.sp.jcr.JackrabbitAuthenticationModule">
    </LoginModule>
  </Security>
  <DataStore class="org.apache.jackrabbit.core.data.FileDataStore">
    <param name="path" value="${rep.home}/repository/datastore"/>
    <param name="minRecordLength" value="1024"/>
  </DataStore>
  <Workspaces rootPath="${rep.home}/workspaces" defaultWorkspace="default" />
  <Workspace name="default">
    <FileSystem class="org.apache.jackrabbit.core.fs.local.LocalFileSystem">
      <param name="path" value="${wsp.home}/default" />
    </FileSystem>
    <PersistenceManager class="org.apache.jackrabbit.core.persistence.bundle.PostgreSQLPersistenceManager">
      <param name="driver" value="org.postgresql.Driver"/>
      <param name="url" value="jdbc:postgresql://localhost:5432/magnolia" />
      <param name="schema" value="postgresql" /><!-- warning, this is not the schema name, it's the db type -->
      <param name="user" value="postgres" />
      <param name="password" value="password" />
      <param name="schemaObjectPrefix" value="${wsp.name}_" />
      <param name="externalBLOBs" value="false" />
    </PersistenceManager>
    <SearchIndex class="org.apache.jackrabbit.core.query.lucene.SearchIndex">
      <param name="path" value="${wsp.home}/index" />
      <param name="useCompoundFile" value="true" />
      <param name="minMergeDocs" value="100" />
      <param name="volatileIdleTime" value="3" />
      <param name="maxMergeDocs" value="100000" />
      <param name="mergeFactor" value="10" />
      <param name="maxFieldLength" value="10000" />
      <param name="bufferSize" value="10" />
      <param name="cacheSize" value="1000" />
      <param name="forceConsistencyCheck" value="false" />
      <param name="autoRepair" value="true" />
      <!-- see https://issues.apache.org/jira/browse/JCR-3236 for details -->
      <!--param name="analyzer" value="org.apache.lucene.analysis.standard.StandardAnalyzer" /-->
      <param name="queryClass" value="org.apache.jackrabbit.core.query.QueryImpl" />
      <param name="respectDocumentOrder" value="true" />
      <param name="resultFetchSize" value="2147483647" />
      <param name="extractorPoolSize" value="3" />
      <param name="extractorTimeout" value="100" />
      <param name="extractorBackLogSize" value="100" />
    </SearchIndex>
    <WorkspaceSecurity>
      <AccessControlProvider class="info.magnolia.cms.core.MagnoliaAccessProvider" />
    </WorkspaceSecurity>
  </Workspace>
  <Versioning rootPath="${rep.home}/version">
    <FileSystem class="org.apache.jackrabbit.core.fs.local.LocalFileSystem">
      <param name="path" value="${rep.home}/workspaces/version" />
    </FileSystem>
    <PersistenceManager class="org.apache.jackrabbit.core.persistence.bundle.PostgreSQLPersistenceManager">
      <param name="driver" value="org.postgresql.Driver"/>
      <param name="url" value="jdbc:postgresql://localhost:5432/magnolia" />
      <param name="schema" value="postgresql" /><!-- warning, this is not the schema name, it's the db type -->
      <param name="user" value="postgres" />
      <param name="password" value="password" />
      <param name="schemaObjectPrefix" value="version_" />
      <param name="externalBLOBs" value="false" />
    </PersistenceManager>
  </Versioning>
</Repository>